2025-04-14T10:37:00-08:00,DJPiplup,"This one has a longer message, so it will probably wrap onto multiple lines",
2025-04-26T10:19:00-07:00,DJPiplup New,"This is a very natural and longer text message, to test natural breakage. It's gonna wrap a few lines in the first few sentences, and when the next part comes...

It will be on a new paragraph. Testing Testing, 123, and with more wrap, testing, testing, 123

And one more for good measure, to make sure it breaks the natural max height for testing purposes

Yippee!",
2025-04-14T10:37:00-08:00,DJPiplup,"This <ins>one</ins> <ins style='color:red'>has</ins> *valid* **inline** ***things***",
2025-04-14T10:37:00-08:00,DJPiplup,"This one has `other` inline ~~things~~, like [links](https://google.com) or ![images](./images/eldenring.webp)",
2025-04-14T10:37:00-08:00,DJPiplup,"This
one
is
very
tall",
2025-04-14T10:37:00-08:00,DJPiplup,"# Header

Other text",
2025-04-14T10:37:00-08:00,DJPiplup,"This has an image with a non-square aspect ratio",./images/eldenring.webp
2025-04-14T10:37:00-08:00,DJPiplup,"## Beeeeg text

Lorem ipsum dolor sit amet consectetur adipiscing elit. Quisque faucibus ex sapien vitae pellentesque sem placerat. In id cursus mi pretium tellus duis convallis. Tempus leo eu aenean sed diam urna tempor. Pulvinar vivamus fringilla lacus nec metus bibendum egestas. Iaculis massa nisl malesuada lacinia integer nunc posuere. Ut hendrerit semper vel class aptent taciti sociosqu. Ad litora torquent per conubia nostra inceptos himenaeos.

Lorem ipsum dolor sit amet consectetur adipiscing elit. Quisque faucibus ex sapien vitae pellentesque sem placerat. In id cursus mi pretium tellus duis convallis. Tempus leo eu aenean sed diam urna tempor. Pulvinar vivamus fringilla lacus nec metus bibendum egestas. Iaculis massa nisl malesuada lacinia integer nunc posuere. Ut hendrerit semper vel class aptent taciti sociosqu. Ad litora torquent per conubia nostra inceptos himenaeos.

Lorem ipsum dolor sit amet consectetur adipiscing elit. Quisque faucibus ex sapien vitae pellentesque sem placerat. In id cursus mi pretium tellus duis convallis. Tempus leo eu aenean sed diam urna tempor. Pulvinar vivamus fringilla lacus nec metus bibendum egestas. Iaculis massa nisl malesuada lacinia integer nunc posuere. Ut hendrerit semper vel class aptent taciti sociosqu. Ad litora torquent per conubia nostra inceptos himenaeos.

Lorem ipsum dolor sit amet consectetur adipiscing elit. Quisque faucibus ex sapien vitae pellentesque sem placerat. In id cursus mi pretium tellus duis convallis. Tempus leo eu aenean sed diam urna tempor. Pulvinar vivamus fringilla lacus nec metus bibendum egestas. Iaculis massa nisl malesuada lacinia integer nunc posuere. Ut hendrerit semper vel class aptent taciti sociosqu. Ad litora torquent per conubia nostra inceptos himenaeos.

Lorem ipsum dolor sit amet consectetur adipiscing elit. Quisque faucibus ex sapien vitae pellentesque sem placerat. In id cursus mi pretium tellus duis convallis. Tempus leo eu aenean sed diam urna tempor. Pulvinar vivamus fringilla lacus nec metus bibendum egestas. Iaculis massa nisl malesuada lacinia integer nunc posuere. Ut hendrerit semper vel class aptent taciti sociosqu. Ad litora torquent per conubia nostra inceptos himenaeos.",
2025-04-14T10:37:00-08:00,DJPiplup,"This one has a longer message, so it will probably wrap onto multiple lines",
2025-04-14T10:37:00-08:00,DJPiplup,"This one has an image to test how that works.",./images/nimi.webp
2025-04-14T10:37:00-08:00,DJPiplup,"# Header

Other text",
2025-04-14T10:37:00-08:00,DJPiplup,"This one has a longer message, so it will probably wrap onto multiple lines",
2025-04-14T10:37:00-08:00,DJPiplup,"Another natural length message. Maybe a couple lines depending on width of the card.",./images/nimiplush.webp
2025-04-14T10:37:00-08:00,DJPiplup,"This one has a longer message, so it will probably wrap onto multiple lines",
2025-04-14T10:37:00-08:00,DJPiplup,"This
one
is
very
tall",
2025-04-14T10:37:00-08:00,DJPiplup,"# Header

Other text",
2025-04-14T10:37:00-08:00,DJPiplup,"This has an image with a non-square aspect ratio",./images/eldenring.webp
2025-04-14T10:37:00-08:00,DJPiplup,"This one has a longer message, so it will probably wrap onto multiple lines",
2025-04-14T10:37:00-08:00,DJPiplup,"This one has an image to test how that works.",./images/nimi.webp
2025-04-14T10:37:00-08:00,DJPiplup,"# Header

Other text",
2025-04-14T10:37:00-08:00,DJPiplup,"This one has a longer message, so it will probably wrap onto multiple lines",
2025-04-14T10:37:00-08:00,DJPiplup,"Another natural length message. Maybe a couple lines depending on width of the card.",
2025-04-14T10:37:00-08:00,DJPiplup,"This one has a longer message, so it will probably wrap onto multiple lines",./images/nimiplush.webp
2025-04-14T10:37:00-08:00,DJPiplup,"This
one
is
very
tall",
2025-04-14T10:37:00-08:00,DJPiplup,"# Header

Other text",
2025-04-14T10:37:00-08:00,DJPiplup,"This has an image with a non-square aspect ratio",./images/eldenring.webp
2025-04-14T10:37:00-08:00,DJPiplup,"This one has a longer message, so it will probably wrap onto multiple lines",
2025-04-14T10:37:00-08:00,DJPiplup,"This one has an image to test how that works.",./images/nimi.webp
2025-04-14T10:37:00-08:00,DJPiplup,"# Header

Other text",
2025-04-14T10:37:00-08:00,DJPiplup,"This one has a longer message, so it will probably wrap onto multiple lines",
2025-04-14T10:37:00-08:00,DJPiplup,"Another natural length message. Maybe a couple lines depending on width of the card.",
2025-04-14T10:37:00-08:00,DJPiplup,"This one has an image to test how that works.",./images/nimi.webp
2025-04-14T10:37:00-08:00,DJPiplup,"# Header

Other text",
2025-04-14T10:37:00-08:00,DJPiplup,"This one has a longer message, so it will probably wrap onto multiple lines",
2025-04-14T10:37:00-08:00,DJPiplup,"Another natural length message. Maybe a couple lines depending on width of the card.",
2025-04-14T10:37:00-08:00,DJPiplup,"This one has a longer message, so it will probably wrap onto multiple lines",./images/nimiplush.webp
2025-04-14T10:37:00-08:00,DJPiplup,"This
one
is
very
tall",
2025-04-14T10:37:00-08:00,DJPiplup,"# Header

Other text",
2025-04-14T10:37:00-08:00,DJPiplup,"This has an image with a non-square aspect ratio",./images/eldenring.webp
2025-04-14T10:37:00-08:00,DJPiplup,"This one has a longer message, so it will probably wrap onto multiple lines",
2025-04-14T10:37:00-08:00,DJPiplup,"This one has an image to test how that works.",./images/nimi.webp
2025-04-14T10:37:00-08:00,DJPiplup,"# Header

Other text",
2025-04-14T10:37:00-08:00,DJPiplup,"This one has a longer message, so it will probably wrap onto multiple lines",
2025-04-14T10:37:00-08:00,DJPiplup,"Another natural length message. Maybe a couple lines depending on width of the card.",
2025-04-14T10:37:00-08:00,DJPiplup,"This one has an image to test how that works.",./images/nimi.webp
2025-04-14T10:37:00-08:00,DJPiplup,"# Header

Other text",
2025-04-14T10:37:00-08:00,DJPiplup,"This one has a longer message, so it will probably wrap onto multiple lines",
2025-04-14T10:37:00-08:00,DJPiplup,"Another natural length message. Maybe a couple lines depending on width of the card.",
2025-04-14T10:37:00-08:00,DJPiplup,"This one has a longer message, so it will probably wrap onto multiple lines",
2025-04-14T10:37:00-08:00,DJPiplup,"This
one
is
very
tall",
2025-04-14T10:37:00-08:00,DJPiplup,"# Header

Other text",
2025-04-14T10:37:00-08:00,DJPiplup,"This has an image with a non-square aspect ratio",./images/eldenring.webp
2025-04-14T10:37:00-08:00,DJPiplup,"This one has a longer message, so it will probably wrap onto multiple lines",
2025-04-14T10:37:00-08:00,DJPiplup,"This one has an image to test how that works.",./images/nimi.webp
2025-04-14T10:37:00-08:00,DJPiplup,"# Header

Other text",
2025-04-14T10:37:00-08:00,DJPiplup,"This one has a longer message, so it will probably wrap onto multiple lines",
2025-04-14T10:37:00-08:00,DJPiplup,"Another natural length message. Maybe a couple lines depending on width of the card.",